path,subsystem,size_bytes,sha256
align_udare_pipeline_to_engine_v1_8.py,root_script,9633,DD0CC8969E107C9943DCC010E3CC38B3989588399D4383D78A8DBACEA0D1FA40
apply_queue_runner_patch1.py,root_script,2856,F1D2731B9ABE45168EEBFA31384B6A930699226757E274D872C859587FD45BFA
backend/server/__init__.py,other_backend,0,E3B0C44298FC1C149AFBF4C8996FB92427AE41E4649B934CA495991B7852B855
backend/server/article_validation/__init__.py,article_validation,38,8341A868693BAA92BE4BD19E1A6497DA93F1A48CB3DD69E0B2EC57268FCB17DE
backend/server/article_validation/article_validation_engine_v3.py,article_validation,14374,EB4124D554894C8589942490CFF4604C6C3BF4AF73F15085CAA3107E350933ED
backend/server/article_validation/article_validation_runner_v3.py,article_validation,37950,FA486FB0B8C3C243BAC93B63A6B707C86AD52B76D8CD020A6445FEAA948003C5
backend/server/article_validation/article_validation_runtime_registration.py,article_validation,11274,F061DB57ED3F6EB90555FD8C14D7FAB252F10F1605FE4E97686B48F48AD03C08
backend/server/article_validation/certified_article_validation_input.py,article_validation,20606,60DCFA3D8EDC8108DEC10D8E0AC2FA290724297DF6E1270BA153588442A3D0FB
backend/server/builders/build_source_asset_version_registry.py,other_backend,6613,9932D6DE74BFB5A9045E029A0593AD54034D2C4FF7313D3959F091F5FEF8C8E1
backend/server/builders/build_source_lifecycle_snapshot_registry.py,other_backend,5874,EC1F89205E64CF6754A821519450CCACCCD52BE08B36E9D7B9467EFD02287D74
backend/server/common/__init__.py,other_backend,47,9D1B3525A0CD460CCFF9DD7C07AB46A502EA8F59FB7D3D0A38FA820D55D3F962
backend/server/common/text_statistics.py,other_backend,2098,7EDE6B16A688B82CB53E333909C73C65453418981B892603BF9089F9550A4129
backend/server/engine/article_body_extractor.py,other_backend,36487,84CDABBED2E0C5A46FE30A5F338D1B8D6FD76BF2BB60DDAAD579A677D0FB2617
backend/server/engine/bulk_apply_safety_validator.py,other_backend,1289,EE733F2D55715D5CE3987EF65E97C6B664C1E2DD7326AAA95408B03959841582
backend/server/engine/bulk_apply_service.py,other_backend,1096,55265C27BDAC4625537CFB75B091A4CF2C3577F9C63D10357552667DC2FE51EF
backend/server/engine/concept_intelligence.py,other_backend,4528,91BB244229E6965B049107E9B2E8ADF09DCC1B5494EE06B9AA008AECEF691863
backend/server/engine/extract_rb2.py,other_backend,12883,9E4AA17DFA3E9858CC9678207F502331DD98E097B4F0F18CCB4E0EFB7E33CE34
backend/server/engine/intelligence_target_resolver.py,other_backend,71796,9A104AC1CA52C9C3B883C2355E9A62197D85B19EB937A2F1BEEA99DED6B53940
backend/server/engine/link_decision_builder.py,other_backend,3127,03C81DC2F46F2A3C927CAC5B2354B8626BC092D2515669250D03B9548125EA74
backend/server/engine/profiles.py,other_backend,5869,FD62425FBA573FEC30AC7B4CD028FF9F6A1F1F3590A5F3D40054B53B4198D9E1
backend/server/engine/rb2_adapter.py,other_backend,1047,D9A37CDD3D316DB2AAFA3E2897507590C7F9F3D3AB8A4101A45CF08EBFE15B30
backend/server/engine/resolver_competition_intelligence.py,other_backend,4025,31FA64D1DBB186DCB12E905D0B049BC4313078D441C2E58DC0827E6D4944F8D8
backend/server/engine/resolver_core.py,other_backend,7016,1AB81AF06F161A827F89398943F7C60A6099F53BF72B1199D52FF769865EFE99
backend/server/engine/resolver_cross_site_intelligence.py,other_backend,1958,D7A42A6911C70A8CBD798D7C00EC0300F439D18B6BEC6603D7FBB4507AFC4C9B
backend/server/engine/resolver_cross_target_competition.py,other_backend,3216,A6ECC62028E7D8F1ADA94830B90CAFE78E1EAB0783D5E2E6B58076DA33E948FB
backend/server/engine/resolver_debug_payload.py,other_backend,4264,05C71906816990EAB870F851DFD7E647CD4AA4A7AC05798AF1D9D964D606E8B2
backend/server/engine/resolver_decision_intelligence.py,other_backend,5978,FDAC7A19396A50A324089CB0C1DF4C2A0449809E3783B4120F7F08222A95C897
backend/server/engine/resolver_entity_intelligence.py,other_backend,2453,11ECCAFDE770009A71E2C11F58504CB1389493F63DCBBB1A293C7D1E2D2FFB63
backend/server/engine/resolver_explainability.py,other_backend,2696,F8FBF50453907A8BB7F9B25657AE722BDECE88E1D43C94FA85EC9CEC39A79C11
backend/server/engine/resolver_false_positive_attack_test.py,other_backend,3283,EA6342DDF758C892D7AEFC8772DDCD928392C73036C075E723C348A00B85CE00
backend/server/engine/resolver_intent_intelligence.py,other_backend,6702,DD1E44044861513DE9154F353BDE9FFA130665019F7AAB889D5889627BF5097D
backend/server/engine/resolver_performance_intelligence.py,other_backend,3778,AC669B207B6FAC321ABB3F8BF0A550D87547D88F0FC6420A2AD1E40954ABC06F
backend/server/engine/resolver_phrase_alias_intelligence.py,other_backend,30858,564ADB40EA260F12897830856E0BBF5E719867C78485EC673901A3BB0EC6EDF7
backend/server/engine/resolver_score_calibration.py,other_backend,2031,C42BA82A0D8A7EF59CFE397A85C516B8F2F2057D99A8EB1F0F1D789CD3C0B454
backend/server/engine/resolver_topic_authority.py,other_backend,4359,6F0835D12A9344B9D8792A8335CF6B947A10127C3653CE6D2285C0E4C87DFE1E
backend/server/engine/resolver_topic_intent_graph.py,other_backend,4256,10D5A4C5E79CA59C1B8E2D60A8FB16B0959B552A0BE1B13051CC9BCC85D720F6
backend/server/engine/scoring.py,other_backend,43718,76995DDF345B6E0CF42F91023191D61CD1DC144A173236E10EDE73523380CB93
backend/server/engine/semantic_source.py,other_backend,11905,BC68F313938EED79D788040B16C4BB668E3676CA225DC8C4076089ADDD9F0DF5
backend/server/engine/semantic_workspace_learner.py,other_backend,39070,9BE45A1E9599B7EC44B36138BCCA83D6C0109FAD91D3D354213B9373B676D026
backend/server/engine/workspace_concept_bridge.py,other_backend,3240,942873C58CF96D21AC0FD77CFA976D46D141543A98CD66B6D2FBA98A6EE6E9C3
backend/server/engine/workspace_concept_builder.py,other_backend,7739,F84C592FB8618F1AFAC7F865344DDAD442D96FC634C9348B247F9CF207A5EB73
backend/server/engine/workspace_concept_store.py,other_backend,1667,A409182EAE965FE6D484ED87F888C5472C39CE1B2CA1A18B3A95D560FDC89846
backend/server/engine/workspace_path_section_fallback_enricher.py,other_backend,4532,4606ABC94246437D00D7382B94F2A9F0B2A5FFA0AA64E2A0923E9C9916F2EE96
backend/server/engine/workspace_section_cluster_builder.py,other_backend,4142,64EDBF1D2C0EEBED6E04F709DF5D591EBD36792DB9D34377812E9E57BD537B24
backend/server/engine/workspace_topic_cluster_builder.py,other_backend,27567,F12A9DC1A240EF46C76FD4B505DBD9E06300013EEFB80F96D7D001407407595A
backend/server/engine/workspace_topic_cluster_feedback.py,other_backend,5104,E147E8E126BF8C3AE40F49D9522AB67F82E03AD7A0043D9D0C0E226C205691FB
backend/server/engine/workspace_topic_cluster_resolver.py,other_backend,5364,D59812D46718A138D7BDB1D4CD74F3A85750C28CA104B4774E603722258DF767
backend/server/engine/workspace_topic_cluster_store.py,other_backend,3610,A0D41B61C35DAB1D7CA0A9B4CC7F66EE12727B35AACE3986052183F28B0907E3
backend/server/external_dataset.py,other_backend,9881,705E71812B5EFF3A460B1DEB918C4B1F3135D027188D05232015D2152D1289D0
backend/server/external_scoring.py,other_backend,11765,DE7A7882CF863E26227FD4A2CE07271DBC8E0064FF393928CB5AD494D558F77C
backend/server/integrity/__init__.py,integrity,52,7A4CCBE908ABB368AF2592DF91D9B6748D44C38CDA30021BCA90453DB054783C
backend/server/integrity/website_article_integrity/__init__.py,integrity,2089,CE96E97CA3A8B45463E0D296E2EDA3EDD29FFD7F7B5E763B54F39A6A5ED1F829
backend/server/integrity/website_article_integrity/website_article_component_validator.py,integrity,20365,384FDDFB7DAC304C1B43F2DBE38B08C29F377656ADF36C014CB9BA16B4C197EE
backend/server/integrity/website_article_integrity/website_article_corruption_truncation_detector.py,integrity,20931,CEC3A92332B45560C680E6D607B6E1B383C6B1174227776780A6723320948788
backend/server/integrity/website_article_integrity/website_article_integrity_certifier.py,integrity,34367,FC86B10C391E63A2122DA47481DFC5E4D0858C0FCA6C61B25D6C5D353EF9D12B
backend/server/integrity/website_article_integrity/website_article_integrity_runtime_registration.py,integrity,34912,5605D4613F1F10FE964E5E0C928BF0A12878BF61249DF7DDED52BE3079FC19E2
backend/server/integrity/website_article_integrity/website_article_quarantine_manager.py,integrity,29721,EF594D4C39218884ABE8AB7EB31F5BC1B191FD01F58ABB0B34C6A0084745E88F
backend/server/integrity/website_article_integrity/website_article_structure_validator.py,integrity,15475,A88FAAB9C01DC9522B0B1631EC02DE4E55DF3DC27EE97FA32D7481CEE462C4D9
backend/server/integrity/website_article_integrity/website_integrity_report_generator.py,integrity,25373,E95FB0D32E36102B83D0DCAAA12BDB52E4E8CF99D8A1E328F461EC2F071F7ADE
backend/server/jobs/universal_knowledge_orchestrator.py,jobs,17667,1C1DC41736FAE5D0C980733491DFCE1DA1BED9D218B1D62D816667CA7CBABFD1
backend/server/main.py,other_backend,16850,28B5758CF8BB9A1AA613A674B2908FB7ED2E61C9081AD181162DF06FB7D6E745
backend/server/orchestration/__init__.py,orchestration,0,E3B0C44298FC1C149AFBF4C8996FB92427AE41E4649B934CA495991B7852B855
backend/server/orchestration/context_snapshot.py,orchestration,933,DDB0661CE1F8180D7EE1B9CB19B953C966870C907D01E529EFE100378D97817A
backend/server/orchestration/job_store.py,orchestration,7814,C34FC21C2F742F4CE8B8BC33DDC203ACD3F5E321C813D9E369D301E61108BC0F
backend/server/orchestration/models.py,orchestration,2858,C2D014CF071D34F478F7E4B108F6192A21F4D7AD7958F394D3443BD59C884923
backend/server/orchestration/module_guard.py,orchestration,746,ABD96F8164E7BC7788795BCE461B9A103ACCD98EDD47F4A7E7F2943EED7C9B22
backend/server/orchestration/queue.py,orchestration,6697,3590DE4CA38A2252ACB8944B39B0AF82EBCB67F2563A7E751E14AA6B00DE9F2F
backend/server/orchestration/routes.py,orchestration,2056,5A24DE1938CFACD5DD308C1BDDB16807524A1E554764DF6CAD13CF12486DDD80
backend/server/orchestration/schemas.py,orchestration,839,9388AF5CD441904F97BFC6AF822D3CEDC9CCD4722B093AFCAC8363F27B8C70B4
backend/server/orchestration/service.py,orchestration,5748,B54486242620693E8A87735DAF7079856A9431E366D2284060BE927022FD7E5C
backend/server/orchestration/template_failure_handling.py,orchestration,871,3A9784B2C3FF91BA9AC6D88841D585CC97A20B80269D1D5084CB9F41F211CAF6
backend/server/orchestration/template_input_validator.py,orchestration,567,10BAE86ED4F7D5047F256E80FE9B2377BF91DF0102F4841C0E714E012CA8539C
backend/server/orchestration/template_output_validator.py,orchestration,556,C0DAC722FD5677255821DC0F6AC9DEC3B8E04993040BD9F4538830F7150062D5
backend/server/orchestration/template_retry_rules.py,orchestration,959,E1C4618060479F7E04E720CA7110185187B54BB88DDD553015402A35553881BA
backend/server/orchestration/template_step_schema.py,orchestration,517,4BA5D5BDB389C126F360FEB29765F0AA9F00AB43355E43E397691C1F932CF0FE
backend/server/orchestration/worker_context.py,orchestration,671,6805B90B5DE03E525D4211DC8A4EBFAAF71661BFFDAFF28EFA4DCF442A4791B1
backend/server/orchestration/workspace_context.py,orchestration,2811,4C7ADC43AE8D1D630B6066D53A82B8E6E5C783C48EC9B5660184ED9EB1A37C86
backend/server/orchestration/workspace_limits.py,orchestration,996,902EE12230B5530F023E24F4E09A707CF727B19BD84976C0617BA473014151B0
backend/server/orchestration/workspace_profile.py,orchestration,1033,565FE458C7A00D568D9C38174D56BAFD4F2300754CD59B60CC42BDC64098AA3B
backend/server/owner/audit_registry.py,other_backend,11052,DBB06F6E5DE670C08CC52EF10C374B697FC2C6FCBD376113F142ECED10B6221F
backend/server/owner/audit_routes.py,other_backend,1617,F612EE68C3A19803205949132CEA2BCAA2E6195BC081678B2CF4DF27CABC71AB
backend/server/phase_4_5_14_article_body_batch_completion_engine.py,other_backend,6615,F4A5AFB02D480B80C15B57163E44BB1E0BF205B3AC1A9AC9B8839E444218ADF8
backend/server/pipelines/__init__.py,pipelines,5,F01A374E9C81E3DB89B3A42940C4D6A5447684986A1296E42BF13F196EED6295
backend/server/pipelines/connect_domain/__init__.py,pipelines,82,6A262A0FB36A531003308C3F3ECE84615D06ACF16299271D175A016FB28D3D4E
backend/server/pipelines/connect_domain/coordinator.py,pipelines,6220,5C94401ABD7A1D4A0919AFF0936A442B24BF7EB665F443844980EA4402A913C3
backend/server/pipelines/connect_domain/job_types.py,pipelines,363,477D37043B050F9F926D7201357D4EA1EA6E3AF93509DACC27D9BE654F5F7217
backend/server/pipelines/connect_domain/linking_target_pipeline/__init__.py,pipelines,329,EB9C47449B904800A4EF091EEE46034612E131B05900401F915DD70D33AD6201
backend/server/pipelines/connect_domain/linking_target_pipeline/coordinator.py,pipelines,21082,BDF2ABAF8807876C067F9D63BF2FFC748739B08CCC3E74A70450AFF4D55993B1
backend/server/pipelines/connect_domain/linking_target_pipeline/runtime_registration.py,pipelines,4089,399106E8560D84CE10C1E086D61C6700FCB61509799CAB177C4EFD1D56399899
backend/server/pipelines/connect_domain/website_knowledge_pipeline/__init__.py,pipelines,106,F86E17533C0703B4BD76CF3E4CCA29D07FDF204FB98BE5DB11D3885F39D5941A
backend/server/pipelines/connect_domain/website_knowledge_pipeline/coordinator.py,pipelines,4587,45CFC6998B2987E86C407CF95C69511C3E5BF8E38CE9C7CF8BF26D7271220FAE
backend/server/pools/target_pools/document_registry_pool.py,other_backend,19531,F601C3D79D77E10102F85B86E02A9DA2ABF6F96D6B8DF18B49E63FBFC3274802
backend/server/pools/target_pools/document_registry_target_intelligence.py,other_backend,8302,B64B8CA87AA0DB0A32BACF54CCF2136C5561DF9EEF091E28DBD4DBBA4BD193F4
backend/server/pools/target_pools/draft_target_intelligence.py,other_backend,14147,79CED2E1A665D0F142E4F0BAFC6E1B36C98513DF751E5A8D84D736AE0516F8B3
backend/server/pools/target_pools/draft_target_pool.py,other_backend,16194,0FD289DB5B74080BA97F01C91C7D44C31C045CC3464F5FF888CEAD3704884DC9
backend/server/pools/target_pools/imported_target_intelligence.py,other_backend,4563,D04D87B6A647C9C3DDAE192C7CFDA23C0C705E05C17F5331BBD004264EF5D971
backend/server/pools/target_pools/imported_target_pool.py,other_backend,25851,FC2206D79F0FE19123832767F6CCA3FC12838AF303992A5C6898869BA997149E
backend/server/pools/target_pools/live_domain_target_intelligence.py,other_backend,4505,54FC3A9CD185CF7F60AFFA2DF2021B27D6D83370335689B5E0CA166C144E3206
backend/server/pools/target_pools/live_domain_target_pool.py,other_backend,36665,38C27B2720C4992503657B720BF7A89629D5BEF27A6E29333502706E306D4BAE
backend/server/pools/target_pools/url_pool_manager.py,other_backend,14027,45B9556F2C21A94831636F36DD24110D789F4891A4DE7B74DFD28CAC14C05312
backend/server/routes/__init__.py,routes,0,E3B0C44298FC1C149AFBF4C8996FB92427AE41E4649B934CA495991B7852B855
backend/server/routes/check_imported_phase1_workspace_entry.py,routes,10221,2110A2BEF8558A43FE3A1632A36E471446014981EACD964C218F7846979F0136
backend/server/routes/document_registry.py,routes,1453,541CD86A084D3DA0452CF5BC69AF3A84AC19B3975FBCD2566AE92BE858D1722C
backend/server/routes/draft_topics.py,routes,10298,8850507D95979B874EF79859A2B872BC92B368D193C5F1322325DA067BB8A6F5
backend/server/routes/engine_decisions.py,routes,11590,170A201C895B54A556D05DF5EED1AB93D92AFC9D3651A30454F9223B893D2309
backend/server/routes/engine_run.py,routes,33271,3FBCB6C7BBC577D6D7F492A10D8EED9339B1357C816DE4B518680F450BB4CEA0
backend/server/routes/engine_scoring.py,routes,10073,4F0D13755ED595C62225343346F3A11D5A3D2FB248237D40D80C5B3ABFD7A26B
backend/server/routes/external/__init__.py,routes,88,8CF360B1DEEEE8A4D4BF35568927B6AFD80D30888698949CA48ABF2735CAC4F2
backend/server/routes/external/auto.py,routes,1208,7952FB964FA3484C829552FCD0E06B1F65F0A1D6A5891D849B813C95E193B04C
backend/server/routes/external/auto_cleanup.py,routes,2960,D998752FBCB1C02E349F3C82D5CEF576D9B16CC5B9F6D14B6A32A4D61B11F3DD
backend/server/routes/external/import_clear.py,routes,6051,FB84201B810FA4D1F72D6ED21D66B69F14E41525F33D49BFD2ADED903B1AD4C0
backend/server/routes/external/import_runs.py,routes,4411,7112F1DDE818C2367C22D6E39995639E33663F6AAAB41B8B0B2612FD9106F3CB
backend/server/routes/external/manual.py,routes,7720,3384DEEF80AC91BFD18BFD2CEBF44FB59A65DEACA7816D43D9B011CA4F7EC0DA
backend/server/routes/external/owner_sources.py,routes,10317,BE2289AC8992195BF1574E243D04FF1558173D33C2F3CD7ECC369FD462C4EC7B
backend/server/routes/external/resolve.py,routes,2122,F759BDCF57335629D2EAD199F5D4892023E0E7269035C7A4234710BE3EFE5319
backend/server/routes/external/resolver.py,routes,11312,CC138BA43393114A89814CCD1E938F1C6D50E15E82ECB04F85827A71A20723CC
backend/server/routes/external/runtime.py,routes,9931,E9D08D20711F5483A1363310C3A303B7AC1EAC8F59377629C7559CBB3A9CA256
backend/server/routes/external/shared.py,routes,844,C0EB52B5BB62CC0D6696DA903E1CC7072BC0560D24968B5B3F049011C2DF5A5A
backend/server/routes/external/sitemap_import.py,routes,24447,516AF1D1A666CDF3598FC6B2878D1FED60EBFFA574CE13D418B7D88F3570E37F
backend/server/routes/external/sources.py,routes,822,1605CCAE58D4DC64AE373092986E8327C434CEA6E00ECE08828FD2C40296F341
backend/server/routes/files.py,routes,40892,68AB4375E831C4E532742E0F5ACD5FDB05680E2410832D33BD1DF37C79210CEF
backend/server/routes/health.py,routes,201,3BB829003D71F5280A06317A1B250AED24EF686AC9D653CA777FE44D06D85708
backend/server/routes/imported_targets_urls_compat.py,routes,9626,51DAC07BC1820CB12CCA9F24774F610848C7F916A4955AB3B1B119C8282E36C3
backend/server/routes/planning.py,routes,6171,06D8DDB0A4E0985CB1EA2414988B73868BD76137873C2CAA25758EAACEB86953
backend/server/routes/rb2_run.py,routes,42584,45A55B58256270FCEC237D3D98D318CE31C580BBAE597CF0EDAF349B9692F45E
backend/server/routes/rebuild_routes.py,routes,3365,0125C3AB2A15AEC5CABD8807419241B92B2E95A7781E44DBEF7DAF8F044A70B8
backend/server/routes/reload_routes.py,routes,1756,E450E713F3A946745B565AB45ED8B403963E5B81D7C63C45827286943D484C92
backend/server/routes/site_reader.py,routes,47796,450DDA9701E458B7AD40F8A12D7D33A50819EDB616962B1892CDC132CB1E70D4
backend/server/routes/site_workspace.py,routes,1184,FA3BE28C1AEAAE49D052140EF94BC0EB3CCC4E56A7340A04BBCB99DCE2909C36
backend/server/routes/workspace_autosave.py,routes,16240,AF101463734C72C9B865F989E5C7FBBE4619AC6422252F54071DCFD9A4948CCC
backend/server/routes/workspace_governance_routes.py,routes,2178,698D580A11DDDF623D9DBF01E62B7E4ABFD504D1EC4AAF419F27BFEA18898B1B
backend/server/routes/workspace_health.py,routes,2864,32C56AFD76688661786BCF6EEC69263C26B71C367485F39A42671DD2DBD13FCC
backend/server/runtime/canonical_environment_rebuild_manager.py,runtime,3114,F519A4C4E8E641225D48F6B5F983EADC2BE70D63770FAA041EE3AE01481C08B9
backend/server/runtime/runtime_boot_process.py,runtime,25424,412AAAADCBE6B5837D9BD56E86C3E99850DFC6C80C0FFB2F12AFD129CC737745
backend/server/runtime/runtime_capability_negotiation.py,runtime,35137,0F36D383A1ECA2A5397F2FC43F16B4B93B439AF1F8F038A31BFF791DC988A11A
backend/server/runtime/runtime_compatibility.py,runtime,25939,892797DF653444A61596B3FC66153EB7E8B157AA9E5E65BBD2092D8BCAA98AD5
backend/server/runtime/runtime_configuration.py,runtime,21783,2F9474D005A49541C79A038B9C57008708DA36D9F1526CA679B36E709B13B03A
backend/server/runtime/runtime_environment.py,runtime,16421,4B52F809D32D98E6E9F630FD9281047219F6C286CCFCBEAEC7A3D2F0024C572C
backend/server/runtime/runtime_feature_flags.py,runtime,31179,EB0CE98BA740CB7EF966DF3F44F313AAD32878216AE08E72B5BF5876BCC429D8
backend/server/runtime/runtime_foundation_certification.py,runtime,46921,10D447D953981498EAD5C3F113175DDE7AC26B81F44712C744888A5C3246EDCD
backend/server/runtime/runtime_lifecycle_manager.py,runtime,22049,4FDCDC02DC9B9BCD02EF0C21735E67F077426336C6B46A4631D5D04593D8A602
backend/server/runtime/runtime_persistence.py,runtime,45148,A20A3C17A8634CC9ED19295B5B603BA6AE8A349799EDD50C0ABFB35454556886
backend/server/runtime/runtime_schema/audit.py,runtime,26717,FA755F9B47BDB808DC79253593070282DC840B3170C39FC182F05B487D12FFFA
backend/server/runtime/runtime_schema/certification.py,runtime,57641,C655DC7C88DB43DB77FDBC17E96B2C59A84BC36B4321018416B9FF7F19148CC2
backend/server/runtime/runtime_schema/change_detection.py,runtime,17962,7EAB63F3EC48BFA24A83B30ADC382E503766FCFC1E828B148025115143A2DF85
backend/server/runtime/runtime_schema/compatibility.py,runtime,21681,4618FC2CDAE9E79A5BD3F287F1821E54DFE09B1028C692B0C78D2F339D0DC776
backend/server/runtime/runtime_schema/definitions.py,runtime,26636,9A9990241189FFB9491C185B6E051836ADFB12F97D7E6C8044B7EF12AE6060E6
backend/server/runtime/runtime_schema/deprecation.py,runtime,16861,8CC963D48D1F97F202593710FF35C98DBCCF316C42652075FC0EE387FC7708FD
backend/server/runtime/runtime_schema/diff_engine.py,runtime,20424,66CED56EE5EB0E074CC81D4DFBFFC80AAAA0F54AE9F5E72C9E493C5AA43AFEAD
backend/server/runtime/runtime_schema/fingerprint.py,runtime,5938,F7F58909F27E136F97EEBC9253069C4D21833DD27B383EF115C1D60C6BEC3764
backend/server/runtime/runtime_schema/loader.py,runtime,14048,EAC15FA8F4E186B91FCE5509801BEC51CB46EDBEF422D981D9BE13012429C5E5
backend/server/runtime/runtime_schema/migration.py,runtime,22654,77E3891F560B6C3BD754F9931B2D5B9EACE0D666B4240DEA1DE7DA40061A50B6
backend/server/runtime/runtime_schema/namespaces.py,runtime,12731,2960BF3D49090F397F3D3E7E73C9E556A49743BDB2D403333513D4EE2052C7B6
backend/server/runtime/runtime_schema/ownership.py,runtime,21085,38D7946C72E1EDB59E8B36F7A3542A46E463F24A3D04BAA282FB64062B7BB132
backend/server/runtime/runtime_schema/ports.py,runtime,16243,E8C271B39A7DC899C9A7D917A99E44D552B2DD752C1AD5FDD7F77F087248C30C
backend/server/runtime/runtime_schema/registry.py,runtime,65077,4E0C994EE201D0B99B94229B971AE8E9E8633780A9EC258DDA564B961E394BCA
backend/server/runtime/runtime_schema/serialization.py,runtime,7336,01DBA1B6C58D45DBE6CDC7142572070402B05D9ED28EF2F93FC5369E03169984
backend/server/runtime/runtime_schema/snapshots.py,runtime,38493,17BC07335CB201BFF132AD1D8C6E01DB0A4B14D9ED9933B4108E118C16A795DA
backend/server/runtime/runtime_schema/transition_validation.py,runtime,19380,9F52A7427C34668D84A55983CB7166C7D091E4DEDBD987C5796DACBB3D1F362A
backend/server/runtime/runtime_schema/types.py,runtime,13231,A791B2B90BFD496ACF87548B21338D28667DA41A2B8EF6D24AD9158E96ACF45B
backend/server/runtime/runtime_schema/validation.py,runtime,19248,4D899F0A3F85B1EF3C02E03111FB70B1058059A3D5099BFDF7729BE9CB738DE4
backend/server/runtime/runtime_schema/versioning.py,runtime,8472,9D021B3B969F5A299D76FC36E29DAB2CCCD0DD0E946386C5B57AEDEB1467A914
backend/server/runtime/runtime_service_registry.py,runtime,17472,7B101938BA4D2D0A54AFA32FC608DDEB00DC689DD9F52E39838AA812C9252D3F
backend/server/runtime/runtime_shutdown_process.py,runtime,18094,9A9E2954039A9B80C214D6EDEBC617B40EC4F57A5926DD9F747B3A6F76A658BA
backend/server/runtime/runtime_state_store.py,runtime,48745,EADF151B38F0F37934549D839ECC3ECCBE6D7441039D838C560274569A6F8D33
backend/server/runtime/runtime_versioning.py,runtime,22111,527202BBC5F0153FB1C2DE818BA8ABBF2B931D3B9C9340ED0D4981445232C199
backend/server/runtime/udare_runtime_contract.py,runtime,19772,567E21DA8A4B35F5BEFFED62E16A8363D46CAB1018109881BFF886FF9435AA54
backend/server/runtime/universal_jobs/contract.py,runtime,42157,DCAD494F07492871858F434DC1389897DCA13A4204208E38E957549F4072D8DE
backend/server/runtime/universal_runtime_infrastructure.py,runtime,15840,96EC7BA572D8F58F9CA055C716F1CA7B7E293EB5400F892D5D057C1A77750469
backend/server/runtime/universal_runtime_kernel.py,runtime,17065,ED1D9C898FA32D98BAE1FB4931ECFA8E9076162E45ACD7336CA415CB3E139083
backend/server/runtime/universal_runtime_registration.py,runtime,27294,2D41F0DEEEA6875C3AAF1626613034BF2787A05E7C542CB87C9D4E71E4D86B46
backend/server/runtime/website_article_integrity_automation.py,runtime,37137,240F3B76482BEAD72CC6C5A3146A4A1D74A2A5939343A072ED25C7005E263A9E
backend/server/scripts/check_imported_phase1_workspace_entry.py,other_backend,8990,9AF0DB8913932A98FEFCEA728F97FE278885EEE588E42CD9B261BB5B0E5E948C
backend/server/scripts/check_phase13_draft_rebuild_api_verification.py,other_backend,12442,48DF24D6E2C46BDE0ED3EAA7FFEC158033D2F6C8E203B62F8C910B435CEB2443
backend/server/scripts/test_batch1_cross_niche_precision.py,other_backend,3083,2F20D6C567270C9030705638DD8C389F0DD31D8DBA0A303BE0CA4B2F70ECC4A8
backend/server/scripts/test_real_article_upload_pipeline.py,other_backend,4625,26E7B13D6EF1D9C28E2F8BAFB44269AA2BA87DE8B3EC077D214FAE58A3654DA3
backend/server/scripts/verify_linking_target_registration.py,other_backend,1876,BF76C77A33B4C8B6B2D974273CA1B626D1A3632420E49B42532B91BF675658BE
backend/server/site_reader/__init__.py,other_backend,0,E3B0C44298FC1C149AFBF4C8996FB92427AE41E4649B934CA495991B7852B855
backend/server/site_reader/discovery.py,other_backend,0,E3B0C44298FC1C149AFBF4C8996FB92427AE41E4649B934CA495991B7852B855
backend/server/site_reader/extractor.py,other_backend,0,E3B0C44298FC1C149AFBF4C8996FB92427AE41E4649B934CA495991B7852B855
backend/server/site_reader/fetcher.py,other_backend,0,E3B0C44298FC1C149AFBF4C8996FB92427AE41E4649B934CA495991B7852B855
backend/server/site_reader/html_extract.py,other_backend,1654,FE5714ED1EE71D118FB5076AA88872B9D30A7E685DF135D0887C80EC700D94CF
backend/server/site_reader/phrase_generators.py,other_backend,22171,2F26462F18E8804AC52A1B76ACD81A5C2366C7EF513FD9123D762A3E400DADF8
backend/server/site_reader/store.py,other_backend,4810,F12517478A11DA5C5FF6204AD0515B5A073C86C8109165BF563FD73F3921DEF6
backend/server/site_reader/sync.py,other_backend,0,E3B0C44298FC1C149AFBF4C8996FB92427AE41E4649B934CA495991B7852B855
backend/server/stores/active_phrase_pool_builder.py,stores,26697,C46C06438DB539AB25A78CD9F566BDFA6756B2162ABA6896DE80B630A27198E5
backend/server/stores/active_phrase_set_store.py,stores,3708,B532C4C28245838685CD2D79C4FE47B6DFC7963D26CD0B720273ADCD545FAB02
backend/server/stores/advanced_topic_reasoning_layer.py,stores,49036,38F6AA458102441376517A90F0C49D653CD643A47AE3607434CE193AEBF5D720
backend/server/stores/analogical_reasoning_intelligence.py,stores,8655,CCB4A05670E33DE79210BA757250EF9D86F2AAD21098FCD4F0C91FC5E810B100
backend/server/stores/anchor_purpose_intelligence.py,stores,5988,D64DE751AAC1A90B97996427330F2BFA2B7DF4C64B3192C3E54642100DC69BBD
backend/server/stores/article_body_cleaning_engine.py,stores,7496,4869BFFE4554B1FCAB1022F764AA0DB9618E8CD43B960F3EECAF80B742DF69BB
backend/server/stores/article_body_semantic_intelligence.py,stores,18519,84304A9FDBD8A8381A9D13A41D1176BD614F1FEAE9853C255E1F74CC776E9B7F
backend/server/stores/article_boilerplate_detector.py,stores,1806,0EC43D7AFE6AD4CAD660FD5472A381ECA145A248425EF4C9EDC897F1798798FC
backend/server/stores/article_cleaning_pipeline.py,stores,12394,2FD67629988B913105469682D5AC4690AB74DFB83DB1834835449E8B6F2EC525
backend/server/stores/article_validation_engine.py,stores,7365,0D43400F0B4188CAE06DE413C1144F68BB4F106872FACB263BD3A5E362EE27CD
backend/server/stores/article_validation_store.py,stores,2064,230F2BF01F064555CBC1BE870B802BE582531FAD7A1819753F5102D281D4A191
backend/server/stores/automatic_boilerplate_intelligence_engine.py,stores,15138,EF558F24568F511C111E3264324507B8384859DD9FCC358CDD3BFDB6A7E3C914
backend/server/stores/autonomous_semantic_intelligence_foundation.py,stores,12115,71B75EC1A05FA54AA78D76A43B81EDE3D323E4AA5BFC744E9806E902846575FA
backend/server/stores/candidate_window_guard.py,stores,25286,A4271942C08C5492E958B5E0AD5419BC3951C52A2992D8F4F0BEC474B3E726DA
backend/server/stores/canonical_topic_resolver_v2.py,stores,7913,11C16C998DEFF8B07CB88F09F92FC122F88BEC2578851FBD739963B128796B9A
backend/server/stores/canonical_url_selector_v2.py,stores,21067,7364894B7D8A638FA3377B12ACF97BD959577CB7ADBF9CC94A053473BE049D6C
backend/server/stores/certified_website_article_store.py,stores,9602,4232FE0E443BEB07F0F1794B82090318521B59EE1F1B8F88DAF01A0B40BD2491
backend/server/stores/cross_document_reasoning.py,stores,107019,F5CD0BCF273A011D157C936F85906D64BEC24F386F72734020EBE3C02ADCC821
backend/server/stores/cross_document_semantic_intelligence.py,stores,11698,98C05D609983A7F8B0DD1235D4FE70AFDCC1FF8A6B6A74DCB09BD1D9B807C26D
backend/server/stores/dis_pattern_signature.py,stores,4944,C9890B31F81F601EA043BA4D58E638192AC4C2F77FED2A1573FD0631A6ADFBEA
backend/server/stores/dis_pipeline_learning.py,stores,3959,049EA78DA21EE9181C37C972FF0CF6604539CC1516E4DD5AA5D92470AE3D6522
backend/server/stores/dis_rejection_pattern_store.py,stores,8251,C08BF5EDA9292D9D50EB5AF8770C730124D414B16862BFC3BFF23FA9A189A8DF
backend/server/stores/dom_article_structure_extractor.py,stores,9321,CB8C631E8FE79A5B4DB94721E5F13FDD46D6EE90B84FC0EC1D7501106D5FF339
backend/server/stores/draft_phrase_pool_builder.py,stores,10791,661546DB1BD12191342FFC4DD623627901F44AE0B0BF579EBED967AC24C328B3
backend/server/stores/draft_phrase_selector.py,stores,25331,F29DF00AB56E39069C644BAE55D4F23DC9FEEE42E52A596496BB643D56F90660
backend/server/stores/draft_pool_store.py,stores,2088,BCABC9FEDD3E22B5DD8F124DEEDF2E9FB8A4BA55ECBEE6006BB00F715EF3714E
backend/server/stores/dynamic_knowledge_graph_expansion.py,stores,12073,FC1FF94241194029949232840CC9150578D8694309A9F804D97BC3AD9BBA5BCE
backend/server/stores/enterprise_raw_html_acquisition_engine.py,stores,26480,D2781F247FA4AFE26872F7A401186C2BB3F311209519ABFB7F7F10E7D34D9334
backend/server/stores/enterprise_semantic_graph_infrastructure.py,stores,5371,62F9E626C6CFBD6764D9CB93A5B651F82D4F6E84D77A2D5AB5F73F0EBF133A92
backend/server/stores/entity_concept_extraction.py,stores,18899,3D5B7DB4869B009AADEC1511BE85E4C04934CA6EA276641148E6FB135660712B
backend/server/stores/entity_ownership_v2.py,stores,14632,A55C80B29F103EAE7CFE89887AC2BBC37C04ECC2FE10D361FF6B8786986BDC55
backend/server/stores/helix_candidate_window_guard.py,stores,12199,FF5C09CE502F006ED58C76F78F7F9DAF3A103FCBFECA91ABD2956E0166CB57E7
backend/server/stores/helix_smart_extractor.py,stores,23224,27962B2259AF543D2B8E6F84E51FD2BA1070CB1252DB92EDA36EE1E7BE131B7C
backend/server/stores/highlight_density_engine.py,stores,15188,35F0A173E2FF0F227034A27B039E498819B46FDBCD198BC5A33211752EBD505F
backend/server/stores/highlight_selection_engine.py,stores,18439,50E9642B1AE7A1ED578CCFEF43DA280C1378BDBF55DB3533698CF5BD3EBB8A7E
backend/server/stores/imported_phrase_pool_builder.py,stores,12225,B34C932B2EE1F6125CFE6145C97D1AC85650984A4C5FEBC4076FD6384F3BF67F
backend/server/stores/imported_phrase_selector.py,stores,27765,47CBFFDADD34A6AAD9B827BB6652753ACC25888456268EDCB03B7275A1006779
backend/server/stores/knowledge_retrieval_layer.py,stores,9005,DE9BCF6D4E5A1A8886696F3E30400DCBA088EFDD77D9E01CD4E7378F0557A354
backend/server/stores/link_decision_store.py,stores,2213,3DA14582600EEBE1BCADBA7969483AE45FF88BFA254454309C2775E71CBFAFD2
backend/server/stores/live_domain_phrase_pool_builder.py,stores,8786,920DE203310871A22A32CF3ACC7155911A3E2138DCBFE7B304E51C3EB3AA203F
backend/server/stores/live_phrase_selector.py,stores,18415,0448910EBEB3696E2E238EDD0970DDA2765B4CD50EB71A212A8F61C2645259BD
backend/server/stores/logical_inference_intelligence.py,stores,6162,BE774A056A08FBA092393684B126C042C75177FCE517AF8358F632EF541A598B
backend/server/stores/long_context_compression.py,stores,14120,5BD2C81CA4D5616FD16B321ECF78938E7E2117066694359A0271D206B39F472F
backend/server/stores/main_content_extraction_engine.py,stores,7377,E3714FF9F687DD410F13514C6655AA29C72E20FD94C07D376B922826592E6866
backend/server/stores/ontology_alignment_layer.py,stores,11606,CAEFCE8A28C1594CF5F6209A8BFE47979E31D3F025F05A5A7713A04269279432
backend/server/stores/phrase_neighborhood_intelligence.py,stores,14956,061956686E647FD976CD6805D5C40B2DD36360AF2F6020E063120D8EBBD31232
backend/server/stores/phrase_quality_gate.py,stores,19430,6EB154DC63013BB9A50EFC939ABD493184D7F2B0CF5F0EACE7C64A1336A8F26B
backend/server/stores/phrase_strength_scorer.py,stores,58026,2F6AAA2883CA32FE5462DE718BB4B97A7981BEC09C141CDDC86EBF56D556484D
backend/server/stores/phrase_vertical_policy.py,stores,28659,681DD5F11BB40ED3E2506412FFF520CC1586615A1B8582B7776C2FCBBC9336F0
backend/server/stores/raw_website_html_fetch_runner.py,stores,3573,45E84493673C79F77A2A735F298AF954CB5724370FCE402E00245358834CE900
backend/server/stores/raw_website_html_store.py,stores,5036,83B95807FDF89DB0131FD957D404CF0696C0B249122F405A9D4CA385E7340B9E
backend/server/stores/rebuild_governance.py,stores,12529,C2B5778CDE98CEDBC77902E6D979B7F69CBDAC416F24B403E0BC33FE9DC668EB
backend/server/stores/reload_governance.py,stores,5735,F2262D8C2B9629D8B4141292950DF40BC97ADDAEDFCD61ECF9CFCA1FE0FBD322
backend/server/stores/section_evidence_builder.py,stores,13099,BA5256B9CCB3FA439F0B6D96F9C6687D198E50DC3DE5F413A98B855F10944DD0
backend/server/stores/semantic_article_certification.py,stores,11060,E1CA32AA3A638026E55AFFEBD0C7C8C478B5FE7010F05D65588B66627C74295E
backend/server/stores/semantic_article_reader.py,stores,21576,E34E36B3E6862493758B642AB27C46D74154797E9E191E6B3E96134113F098A0
backend/server/stores/semantic_completeness_intelligence.py,stores,21500,D0A5B88F429C7F494BE525C4081C28969E2EAA322CEE064EC05BE3D015B8602B
backend/server/stores/semantic_concept_normalizer.py,stores,46076,DEDC63BE7235E174890430B5BAEF3FEE8EC1BCC44FDACFFE5933BCAF596C778E
backend/server/stores/semantic_concept_registry_integration.py,stores,4686,FD79F6C5F963A12BB62C2E9119D4F08082B8A97E50E2B56666C362526C8F4D8B
backend/server/stores/semantic_confidence_engine.py,stores,9362,DF918C80618568DFC9D679E407DCB704D145182404A2FC34036B9E13E9522FC5
backend/server/stores/semantic_context_builder.py,stores,17279,C4D50F82AA5B9CB7ACED669B6152A0E0B445BCE1824B1518388C5853E4F1FFBE
backend/server/stores/semantic_context_persistence.py,stores,9009,22A87CEBAD07DD2DEC6CAD158BC7AB9DE9C30C4D429F67C2E8D3469563589116
backend/server/stores/semantic_explainability_engine.py,stores,3994,079D806C5977C5A7CCBF49615AB9E7273AD70DA6D1B78AD25BD0EBA0619BC86D
backend/server/stores/semantic_family_clustering.py,stores,12365,8B48717897A34A26D4F4B5E0E6BD0025E05CF144BA1ECC72BEB33B7960102645
backend/server/stores/semantic_graph_feed_bridge.py,stores,3102,4F6722D0D7032A54BDD3C7B33247870F23824F05B70D1B2296E473CFB8DA0575
backend/server/stores/semantic_learning_engine.py,stores,2624,096A4379A525356CAEC5EFB3ECBE5325BE172103ED39D924F1E70994BEADD8C0
backend/server/stores/semantic_learning_export.py,stores,15621,6B0BE6EE11FA51A8AA978669418A5B3D6CF784609097DDA044A1E8ED81A4A3FC
backend/server/stores/semantic_learning_layer.py,stores,7896,9D80005E1F031CC5D3D8355198EF76E1E1A9E1B6823640F41CB4E218CC8D16A8
backend/server/stores/semantic_linking_reasoning_engine.py,stores,3767,3D0050A3B2127E7417479B2ECC22305763199FD221B2FE3D31278BF8B537E03D
backend/server/stores/semantic_map_writer_bridge.py,stores,3216,691B263BD7795BEAA57B4EA24AD5FE7CECB8AF2BA328992F9785D7DB70796926
backend/server/stores/semantic_memory_engine.py,stores,4376,3CD0909A2FFB8C1E496072765035EC460EAF31BCC1B87A11FF09E59BC93C0700
backend/server/stores/semantic_memory_feed_bridge.py,stores,1451,3B2FA61BB1D3D65A7EE516706348903F321D17E1E6A83CC10672F6EEA004AD56
backend/server/stores/semantic_memory_layer.py,stores,8496,EF5A26845D84C0E685F26FEA2C2FBE40B0FEC839C16858E27FA28AB636F6BC4B
backend/server/stores/semantic_phrase_understanding.py,stores,21489,764A534AFF90B95A6DA17C1043885711AFA9E7B4A7FFDB2FCEE898FEF9E7D02A
backend/server/stores/semantic_relationship_graph.py,stores,19735,5E560F035ACC0A8BEDAA9097DD5B01F1F36642520C0D33118196BE081DDD7058
backend/server/stores/semantic_runtime_candidate_fusion.py,stores,14084,FB7720CA2F094ABE1EAB3098CD4DFDE6D259D2C2E9000C521D39B43FA8BF5F7B
backend/server/stores/semantic_runtime_foundation.py,stores,8218,9381474F4E78DA012A322B1599D38A6EB17BE6FC3021C31FBCD52C64C168BBC3
backend/server/stores/semantic_target_discovery.py,stores,12978,0E1485AF14EE70560286C927BE0460362E99A9ED1B8094E552F7A8E8244ACCAE
backend/server/stores/semantic_topic_graph_engine.py,stores,8356,BB2C6FC9F4CDE1A4EB9DB2DFE4DB981573BF3DB106F5A4054C29CFAEF532FD8F
backend/server/stores/site_pages_content_linker.py,stores,1777,7A9C31C6300EB258752042BF2E69F19DB66EB9C4DFB4A93B573D0A54220CCF01
backend/server/stores/sitemap_canonical_matcher_v2.py,stores,8746,6C7BC43CA8A6626FB7B56BF7B8CCA5632C7D9CF46E7DBEC2EFF9A6D7E98D1CF6
backend/server/stores/smart_phrase_extractor.py,stores,49480,4C659D1A933F413058A617407F47DE03564A7B2BF26CC980C40B2CDB41776135
backend/server/stores/smart_phrase_extractor_backup_before_v2.py,stores,35544,C3B6BFB3DD4EE045FA497AAFADD5608E328F4782398B732ABBFAC773ED010D63
backend/server/stores/source_lifecycle_control.py,stores,11457,26C21C1513195F4C1D0E61E87FF22D743421F151A30B67EE42DA1541256AACB0
backend/server/stores/symbolic_reasoning_engine.py,stores,80519,D66E89E37A57B61B89C69F3342E3461D50B06640AF5A09FA07AFF777A035CC99
backend/server/stores/topic_intent_intelligence.py,stores,25951,35175AC1951267A978D0255B1829EFBBB33C4D7A1E83077496FB1EB8CCA17A37
backend/server/stores/transfer_learning_snapshot.py,stores,37583,088E23D5707037D1E294A955BE01D1C6696A28CBFB14926D47DB9DF14DD58758
backend/server/stores/udare_article_document_builder.py,stores,23694,707BA66B407602B051E66F4F6C3AF5CA4AB26D917A15EB311A9E689FF10BAE8E
backend/server/stores/udare_review_document_builder.py,stores,25773,0D48B1301BD0E4B673199C6F2E936A1FA6BD05EFDBEFC27F3EF844AD54E66A91
backend/server/stores/udare_store.py,stores,54426,E0B232A526BFB7FF7E391DDB86B603F656B7716884BC7B7A34DB8FA5F9C413E6
backend/server/stores/udare_store_index_builder.py,stores,25464,E47BB03AFDF2A7FD6ADF6DE6F2E475049D76DBE213E3C855DB0BFA475F836A48
backend/server/stores/universal_content_body_formatter.py,stores,5292,1570B10B9A434E9771D5C1EBEF49E1D756D6F3F19814C7F1B150B7D259DABF0F
backend/server/stores/universal_dom_article_reconstruction_engine.py,stores,105113,77D672F00503AF9806C34AA97AF874D35E36E035376BACD7B863E452793B3402
backend/server/stores/universal_noun_families.py,stores,14984,E4F70C2E65A2797763F8D65E7B1D96806A493665232AAED563400588B673A93C
backend/server/stores/universal_page_intelligence.py,stores,21625,0E989A54C03336E5FD450C57BBC8A3CA71618009A444A602E52B382957A1CF34
backend/server/stores/universal_page_type_classifier.py,stores,17443,FDF7B4ED41AD32460F0B14D8E434C1043F66DB9161675804322372F26A1C6EF3
backend/server/stores/upload_document_extractor.py,stores,27394,F863E3608A43D24656BDF2B035941A3F4B676A3DBE1CAF7AE33721B59EAEAA1F
backend/server/stores/upload_intel_store_old.py,stores,40603,ED9F64B813EA531409BD3A83045E61E634440B8488918F862C2F3257692D9868
backend/server/stores/upload_intel_store_v2.py,stores,31532,D25D955F5D4F529D0105D02E6F4B117962AA702723BCF5F2DF341CE3DB6F0DA6
backend/server/stores/upload_normalizer.py,stores,4104,4D0997F29C5133A4B41E522AC4F0AF3289F75117B3969C270F89EBE0C3F31304
backend/server/stores/upload_phrase_pool_builder.py,stores,34368,9E7306BEDFAAED4131DA44BAF3FE2F76435A27108B2B1A3200ED70463E6F43AF
backend/server/stores/upload_phrase_pool_builder_backup_before_v2.py,stores,34368,9E7306BEDFAAED4131DA44BAF3FE2F76435A27108B2B1A3200ED70463E6F43AF
backend/server/stores/upload_phrase_selector.py,stores,23780,995A69FF4A820DDA54825B16120E1074CE892F0CC25E0771E2936DACA525CA92
backend/server/stores/uploaded_document_unified_content.py,stores,16815,78C504D2911A94B96A5BEF60DFC0D7948466E73FACF59FC5CCE44E6ADCF80080
backend/server/stores/uucd_body_store_certification.py,stores,9839,A1AA7C43A71223760CC71428843D731DF7C3668E3EB6EC761620989435CD921A
backend/server/stores/website_article_integrity_validator.py,stores,17767,E6F04851E22C4E695CE1FC980EF1B63B110861127A89AC4295D8AEBFC373A152
backend/server/stores/workspace_experience_summary.py,stores,17260,5EF4D11037C85B98BE76491C34432E79112F7491FB01398573B87EA865D6C3A1
backend/server/stores/workspace_governance.py,stores,89445,F8B65B86AE4917E6C7E1026D615937D64C2D9B7004CC03DF50A65EBF8B6A9D15
backend/server/stores/workspace_profile_store.py,stores,2304,C1E9A4DAE83256099E730D6B94DF90BF3340F03A428BEA4F37F290123A2F77CC
backend/server/stores/workspace_session_store.py,stores,6067,0B7DE2DB01D36F21D64C2DDF9BA3D712EE7C1881EE5109CBE25A43DFEC85D77C
backend/server/stores/yellow_phrase_reasoning_adapter.py,stores,10362,ED0367B0320C98EA723DE29A0D973FBA0276A91C6CA4C0D69B06DC53DDCC5B9C
backend/server/stores/yellow_semantic_phrase_registry.py,stores,10529,3BF218A0232F241D90F358B9928D41E7CA2A91579CD03BEB3A446B63AD6169A9
backend/server/tms/__init__.py,tms,0,E3B0C44298FC1C149AFBF4C8996FB92427AE41E4649B934CA495991B7852B855
backend/server/tms/ai_automation_engine.py,tms,7534,FC094033899B8805A5273530F26FF80958CA54BAE5F294603AF7E4D923BF4009
backend/server/tms/ai_safety_constraints.py,tms,7786,B43B43E52CE09583B8DBB17585DA9E40B92364BD3370F200D75D76B57ACE5F5F
backend/server/tms/ai_support_assistant.py,tms,5676,63A8462157DD1E6C226EDEB45339B82C2911E116428E427BFD23DD11B2790842
backend/server/tms/ai_triage.py,tms,7159,08B488148AB3C763DBF3105F920E30A9D0135ABBA83A461EFD51818556C9376F
backend/server/tms/attachment_lifecycle.py,tms,6144,8A90325AF8A2AF8D0D3EE4FE6343203433E3B4D4F6AE14A2B4039E9C00A62E5F
backend/server/tms/attachment_orchestration.py,tms,12894,EDD03DFE635F0DFBE7C77BF5F7D32032D68A954B11D154934FA12E9E22706196
backend/server/tms/attachment_processing.py,tms,4862,C41AFD3F789C04496C1E0D54C0523F48A5BCF6BC7E28A7649E201240F0CF439D
backend/server/tms/attachment_security.py,tms,4708,E8167C74ACA871A8C62588F0D229D1490522CCF878FD0D0E490E777388CB903C
backend/server/tms/attachments.py,tms,5610,EE1A1E39717AC9080CCCAA336DCF270319530CDB15FBACBC82A9D87011786736
backend/server/tms/billing_subscription_integration.py,tms,9006,4DBB31F5ADFD468B81A2FF264139E5BBE6320535BE27D5140D13304D9633D763
backend/server/tms/business_intelligence.py,tms,6325,8DF1E0D126CD6989CB83AF6C6E1772C9ADB27254E7949A60E19E3842AC04AF5B
backend/server/tms/context_governance.py,tms,5330,35DC0D351A0E872B03E0E0A8E5DEE700E65A4F98C597F4A980DFF0BD6E55F29A
backend/server/tms/customer_notifications.py,tms,5032,F878C532C32B3632D6965B800A1631F008D82938A49BAA43186879E84F7F9E8E
backend/server/tms/email_inbound.py,tms,5227,2FB271554B4F2835A1BADD9BD3E16867522FCE50C1B9CC7CDCC5C1E388566C4D
backend/server/tms/email_monitoring.py,tms,4663,71D4B1B84C4A60ADE88F94BA6CCD78DC103D3FBA340EC3A5364BB79C8F98C45C
backend/server/tms/email_outbound.py,tms,5186,B79BA53F48A4E86F8C954FD11933B0B8A844B5A66CF26570AF8E86CB73830CB9
backend/server/tms/email_threading.py,tms,4194,88A14A420A5C1D2BC8244ADA0209F997C6E93A66B49ECD357F548495CC9CEBFE
backend/server/tms/enterprise_features.py,tms,7260,27D8E2069D388F5E3B0E5061CC88E3452376B39D01C54639FCFABEB640C1DD6C
backend/server/tms/escalation_engine.py,tms,5336,81A66A9BAA0EA3492B9247ED6ADA5EB8E93E05D0F4338038FCAA5841FAA972AC
backend/server/tms/help_center.py,tms,7076,CEDADB004569CEB321EF0C716914C274D63075853836BC2C6B3C11CE29DBCBA6
backend/server/tms/incident_communications.py,tms,7415,7765D0A9CAFBA9BC6872FA9800304D67BDB3F5274C49B5ABE7A97B871697177A
backend/server/tms/incident_detection.py,tms,9446,89728ED4AD9CF93B045231047099B53CCFA66CA2AF13BDE7C74E41F376E1E6D1
backend/server/tms/incident_management.py,tms,14087,B921CFCEC8A76A97402EF2D486D0E27B02B3B1F5F5B2226FFD4875893BB7B798
backend/server/tms/incident_timeline_service.py,tms,3085,E44EB007B0436A7A18DFF55DEE0AABEAAB1AAB4C1EF61E0D1B504F7418CF380A
backend/server/tms/intelligence_orchestration.py,tms,12424,B9EDDDEBC85A11F1426109A50C1EF3B8780A7C295FE4C3750AB3432A61A73AFD
backend/server/tms/internal_notifications.py,tms,4585,3E3BD3574E514BF9D15656208BBF4D4B02D397E48458DC4CA4138F6D1E138BEA
backend/server/tms/models.py,tms,2062,47C3B934DBE5D37F194D6BA552501118810EC3DB6FCC7A0A5ED0D53BD885D615
backend/server/tms/multi_workspace.py,tms,7382,14FECC0A631FDE659618A9EE30D12A201D341B67BCFEF0ACAC9B103A499C9B63
backend/server/tms/notification_delivery.py,tms,9172,029B35B78DC9E2DC55AF9C3C76086AA0BDCEE9BD17839DC537357F3D4A33350A
backend/server/tms/notification_engine.py,tms,12839,792857912FA602CCD673532F87D24CBC4B2B72A415A99254561935BAEF2F731A
backend/server/tms/notification_orchestration.py,tms,10691,2C4FBB19A73B527DA5C7DE465C86AF3818E6B15B266D6D97F18483735D152ABF
backend/server/tms/notification_preferences.py,tms,14995,96EDA8413CC8D4B737C41774B4B0E17122B7F98C3F7C78A13F7CC2E04E5BCAA0
backend/server/tms/orchestration_governance.py,tms,12225,DE21FB7BDC0130DA534B5759FC2068C32C5121BF58CBE97A3D29C69E126B9691
backend/server/tms/outage_broadcast.py,tms,7066,FAE15C8BF046D974B92497307C2AF928C57529D12903556301F773D40A901D47
backend/server/tms/owner_intelligence.py,tms,7487,DC6A2960DC1111225E2FDD08B9CC08D8A2914A28C1923A6897A4F5E4087913AD
backend/server/tms/permissions.py,tms,0,E3B0C44298FC1C149AFBF4C8996FB92427AE41E4649B934CA495991B7852B855
backend/server/tms/product_activity_context.py,tms,5871,A5C898D04C2B12EBA68B392C8D7845E4547BAAAA6D660735818F586B0C63B612
backend/server/tms/product_context.py,tms,7133,7D4E0D59FC7064856E8B60A507430E99CE3E34F613DD20CD04C840AAD80FB44F
backend/server/tms/routes.py,tms,8282,2A2D1FFAEB1229EBB5A07EB5B21338A96A870C5EDBAE950BAF7EA0935C4C1496
backend/server/tms/schemas.py,tms,3298,952AC8C8FC40082758C823661A10A48810FD30562ABCA891F85ACC068E1C979E
backend/server/tms/service.py,tms,11030,A2454E2B436E4570A22A30719EC72531B44E6A55E4566F5FB065C27702423B0C
backend/server/tms/sla_monitoring.py,tms,4255,FA730544F3A44F731DD127E79A7BF9AEA32D066737EA8A7E644000E2FFED0C2B
backend/server/tms/sla_policy.py,tms,4956,B21F5FEE6632674555E4CAAD8EA31A64A98957623EFF78C50EC6DCB9EE2E1D97
backend/server/tms/sla_timers.py,tms,4966,0559A5E003A77C7045B815CDA20166085C641EED8B59CB932D5F8C061E1BDDD1
backend/server/tms/staff_audit.py,tms,4586,11D6C68EAF3DDD4D5DB085B04B5B6559AA5D804A4745D3523BA3416CCD54193A
backend/server/tms/staff_rbac.py,tms,3112,159D8C95BB93C164B446711206AB16EAB833EEEBFA838DC54FEEC1F4EF764FD6
backend/server/tms/staff_roles.py,tms,3149,85A6916BD02866F4DE05FC4AA71CF1B829B8C8CAD7B5D8B3CFEA7B1224D5529A
backend/server/tms/status_page.py,tms,6733,9CF4E3E69DA62C3F4D3C6B3F8AE04FAC3EBCD37771F5FBDD80BAC6B217CF6A6D
backend/server/tms/support_analytics.py,tms,5800,CFED54B5294BA84F44F628282608BE92D76ECC79CD7F7495EB59076F6C193AC9
backend/server/tms/support_intelligence.py,tms,6992,150D6E45CC0BA26561F4FFCB7E34267243B4DDC9F80788427F8348A837CF31D7
backend/server/tms/ticket_deflection.py,tms,6066,EDCA5B72B60CD0DC8F0309AF1A65F2AA08BB931381C3B4197E6B38AF0F7F6FC0
backend/server/tms/ticket_orchestration.py,tms,6990,EAB08696E312499A42972D8F6394F090CD4BFB78CEA09E3D6BC4CEFFF14C8743
backend/server/tms/ticket_store.py,tms,7308,7EA9D01CF6DAB3D865763F52B79571341A1CCB5F7BDC301CE7A485484E3A44A4
backend/server/tms/worker_infrastructure.py,tms,7244,ADA6550A96186F3DBCA32690C72F049F386EB4EDD21D263D1AC94F5FFD4360BE
backend/server/universal_article_body_store/__init__.py,body_store,2331,12EBAF465E27FF720242D0B366219E7CFB52308868B81CD7C0CEBC50FF83C03C
backend/server/universal_article_body_store/body_store_manager_v1.py,body_store,18639,3FADB41940347DB8AC29D6875C2961B7CB0501DAACC1AE8899F1B85F53DDD3B8
backend/server/universal_article_body_store/body_store_repository_v1.py,body_store,3682,B1266560EDD7E6886EEC1BA98FD300BBE29C51A7FB8E89EB485D849FDDB713ED
backend/server/universal_article_body_store/body_store_runtime_v1.py,body_store,11015,2B40C0045D9F4514BC8715073580CE7E2A57DC923D63396412B315904F0FB968
backend/server/universal_article_body_store/body_store_worker_v1.py,body_store,9207,5FAE1E4883A7713B0919A3028DA3A122DF675F2EDEF04BC0FD20C7BED299FBBD
backend/server/universal_article_body_store/body_store_writer_v1.py,body_store,17783,3C216C1B10F9BF5FC08E5177387E9D0A422BB1A646539453E75EEF6CC2142F0B
backend/server/universal_unified_content_document/__init__.py,uucd,656,69E49B6081194DA82B22A7E275C7D408C94F221A4D17BE522F74FC6C76134B5F
backend/server/universal_unified_content_document/uucd_engine_v1.py,uucd,21917,0AE6684789EDA078103211202E8D678312DC44159EDB09930D602FE62EECC998
backend/server/utils/text_normalization.py,other_backend,1602,9B8C9109D727759ECF1D9AFE1FDCEF77A7D72B549F9565441DC77AFC87B3080E
backend/server/website_unified_content/__init__.py,wuc,712,D14DDC21D5FDD81C18302D409399A8DC9B196248D40405FD689B46F708912D66
backend/server/website_unified_content/certified_wuc_input.py,wuc,16432,C784B316C644E06636A7258322318603DF3C2346554B73F603DB56F5E6FF927F
backend/server/website_unified_content/website_unified_content_engine_v1.py,wuc,12904,B90FEFD7752987A7AB9D91E0CB65F4A93C1419CAD86093C16B5E5B06EDA1F1DA
backend/server/website_unified_content/wuc_population_runner_v1.py,wuc,18303,6CD288374657B3D3F6BE698E8093C78C2813A01E4C2DDA7EF21BF3FD280C1CDA
backend/server/workers/certified_website_article_batch_worker.py,workers,21100,F17A56B2BA6CD4D9FCB2CB16352F58E00DCC6AE660354F5EA6B284CA0D125C78
backend/server/workers/udare_reconstruction_worker.py,workers,38899,C51B21162BF856932C36CF65CCE8AA7088113767DCFA9F17432F2E6A7F5235B4
backend/server/workers/website_raw_html_acquisition_orchestrator.py,workers,4801,F9FBAA00381DC1DDA48C69DAEB1C38268BB402EBC312A3E703E794751F1FC5D7
build_udare_manifest_phase_4_3a5.py,root_script,16057,339F22EAAA4C2B0F4B0A30AEB2B6B11E0B87D4D750AA07EF16E28ECDD45D22ED
build_uri_phase_1_1_10_runtime_feature_flags.py,root_script,57167,ECC1F7B7859C5A6AFEA180B358AA554230036AE75E58CC6936A1BACC87AC955D
build_uri_phase_1_1_11_runtime_capability_negotiation.py,root_script,61309,240145B8A027E9B31DB04927A4D94733910B612F4BD34E9E6D1CD8C869C38E00
build_uri_phase_1_1_12_runtime_persistence.py,root_script,73629,8603F8B4ECF1882D1F63C422359EF247C023E1ED3644C32F46D54B33E88D1E34
build_uri_phase_1_1_13_runtime_state_store.py,root_script,79571,DB9F644D1C1DFDAA6DA5AD0682D587D575CA323CE15CE4B70E0E4939831BDFD0
build_uri_phase_1_1_1_universal_runtime_kernel.py,root_script,36724,65245EB17195AADE7D7CDECD3B61BDAF35D097A56882598B9E84669A4252C460
build_uri_phase_1_1_2_runtime_configuration.py,root_script,50131,3BF97511F32ADEFAE81BB162A27AA66E79386C285125F37F5AAFC1ED7A14F5CA
build_uri_phase_1_1_3_runtime_environment.py,root_script,47937,734455CE1CB594A4E34E77764B468E086C3B2C3A3907E1C2676E71D3E44FD8CF
build_uri_phase_1_1_4_runtime_service_registry.py,root_script,44379,797A8679C116316B885F80BC2557C5E15553CF522B6CC3F1990F38FEF2FABE31
build_uri_phase_1_1_5_runtime_lifecycle_manager.py,root_script,53297,CDD11982CAB97D29C4BD761FE713051C8768C433C675E8CFA25D7A61286C9718
build_uri_phase_1_1_6_runtime_boot_process.py,root_script,52492,6E61970DB3E25D9361D0404DF6BCF7FF67935473932B1BEB5A338F7FD4148D14
build_uri_phase_1_1_7_runtime_shutdown_process.py,root_script,56733,815B0F484AF2B760534F98CBB4CF5C892E177C3A319EC57A9EECC36D252FEE8E
build_uri_phase_1_1_8_runtime_versioning.py,root_script,54408,06C4E62866BE62469A1A21DECFFC49A65B9508E8FA54BE309C0A616D7ECA53F0
build_uri_phase_1_1_9_runtime_compatibility.py,root_script,64834,3F470578096D0328265A504ED11604A445E9497E10FA0576C1BCA501655B31A2
certify_body_store_runtime_phase_5_3.py,root_script,28500,AD0906E7537A3093ED3E2FC25CBE9BE075A6DE0D48F6266A40A625DFCBEFFA24
check_post_upload_orchestration_runtime.py,root_script,7760,28F28CAABA4E5AA73662D7150C0969DDAE464133793C92B9C4E851C7C56A8C8C
complete_legacy_uucd_worker_retirement_v1.py,root_script,25560,BAF572246B55A5D210AD59C2CF30BE712027D5BD5DD0763067C53CAA7A5D37F7
create_udare_phase_4_2_population_jobs.py,root_script,17423,FFA46C00419C89477AA94C4DE9877AEE9E163DD225C5C68A00D45D4947BB2E8F
delete_legacy_uucd_and_body_store_outputs.py,root_script,15052,25685AED8C27F413CDE6070E4DFDC128A37F30DFAE399B6AA3ADC8B42062DD14
find_three_missing_udare_records.py,root_script,4926,F6FAF8B3001FACD016BEEEEE39DDCF212E3D55A08DA179F1AB682808C1B9F44F
fix_udare_index_verifier_phase_4_3c.py,root_script,752,A6E3C8A25C5023D030FD6029718EB39620773DCEC27835219A88E259190321C9
fix_worker_bom.py,root_script,297,190A8306FF80819993004C67513978201AC894EFCC435FA4EDC87EA5FB829711
fix_worker_import_order.py,root_script,703,1439870BECB4D5EDCD90BF9DF5BF03B64D81B75007B5855A9B70333314B3ACB5
inspect_active_queue.py,root_script,747,F43350A72A85B5BD57FFEF4FBB23D8C8759659335BC27ABBC9362C346DB38BBF
inspect_get_udare_queue.py,root_script,3630,C7FB2BA0336B0521369169998D9971AB342514E8D48AD23B32D2E45FBDD7D5C2
inspect_latest_udare_first5_failure.py,root_script,2018,EAA9D20FE00F61132F92D8D9E953BCF77B3AE1402CA2CB4AF833999EFF0E6E8C
inspect_next_two_udare_jobs.py,root_script,5792,DBB18250E46A90D24EB98AEB91F4B7390741FD1D36C1FBAE39A0D7311B0406B0
inspect_queue_runner_limit_safety.py,root_script,3064,C58B70DEFF4B4429CF1DFA9AEEF7B40EE07C38F4E261C2336306824A80C980F2
inspect_runtime_interfaces.py,root_script,1029,C11BB7386E84476152B4582C6F40D5DD1C48CF1AD7C5BCC4C1F03B09B51F23D2
inspect_runtime_queue_path.py,root_script,5901,10FD894361754BC5D06EB613F65C2801F269E2B1E20DAE773428C2CABB8009C7
inspect_two_failed_udare_job_payloads.py,root_script,4134,463461533FCF671FD751F65D651D0119CB60FD211B26B7C00EE97A3D51B88084
inspect_two_failed_udare_raw_records.py,root_script,3582,AA5CF96E66DF399AE6BDCE371A883B9ACB634BE6681D5067121EAE09DBFBE203
inspect_two_udare_failure_records.py,root_script,5833,70AD83B5484A7A1702369365B80C1C748B068439ECD904A7AFCCC7B8DC92F78D
inspect_udare_clickable_link_failure_phase_3c.py,root_script,8945,93C8160AAA91E6A82A77B7E11A3AF1550116BCCCEF4B8C104D94B457F7C5A79F
inspect_udare_engine_version_mismatch.py,root_script,2382,B786EA3976E2FAD766E8F5550B10AAE502C4FED556FF6D85D70A06028F051206
inspect_udare_live_gate_counts.py,root_script,3398,2FD8D94697559A3F7D4D5E4E30B7CBBEA5F296DBEB0A2B128671E54B82767A8D
inspect_udare_phase_3b_interfaces.py,root_script,12251,3489CD449E1EE6E62398813A61D32E03A03B31B93828622C737E74956B9EB9C7
inspect_udare_phase_3c_worker_builder.py,root_script,12987,9E62EC286179AC7732146C45FF1D4B6D213E24CE108AE08D54793621193CE2EB
inspect_udare_phase_3e1_queue_runtime.py,root_script,17613,37F018DEAA4E96299BE2D75AE591290DE238FEC76CA64BF63450E977C2A3890E
inspect_udare_phase_4_3a_failures.py,root_script,12328,D439453FE5C5340490017B853508FED88FF4A1FFFE70151A311DAF621BC41F13
inspect_udare_phase_4_3b_resume_state.py,root_script,7691,047DDD7EE08D073BC6F00686946423208BAAE7DA6FFF05D2768ECE59E73DCF07
inspect_udare_raw_load_block.py,root_script,992,E6C2972FFC40C9D645FA78913193E8B74628AD031A7DD6F7D14A283D432EBFF7
inspect_udare_raw_not_found_exception.py,root_script,4872,6CFA02377D5905B724C8BE68C5BBEEC1766BA0E74F53E616B3734C52F469C0D3
inspect_udare_raw_record_loader.py,root_script,2037,33535337119D80D544CCD3FFACBEFAC873CFD4E19090F1EAF1CE03C0EC8A4B11
inspect_udare_retry_path.py,root_script,1764,D2E51DAC618B3B0CF866724A58C5951AFDBFC2169E5E1C7B9831F0518C7286D7
inspect_udare_worker_callers.py,root_script,2345,CD03630023FB7527608825DC628CBBEAA891D609BFF0A8B80DFBC6B950A086DE
inspect_udare_worker_entrypoints.py,root_script,6147,A3A6AF7EA0F351E95EC293A541F6AF129B50FD867B878FF83A1F384BCF2A2F4B
inspect_udare_worker_index_call.py,root_script,765,C807622E74D965A9CCD9AF4109CDAE06E40E1AEA8BBD8DB3BFFBC42B6F87166F
inspect_udare_worker_index_insertion_point.py,root_script,2859,D7296DE0DB49F4AFD34DCE65C539AF391010FD8EAFFEE26911D5C33F9A4774ED
inspect_udare_worker_initialization.py,root_script,1070,C442B91DCC77B5653A6F0F900F1D4E563934D93A57E215B68144B8B2C807C0C0
inspect_universal_job_type_registry_phase_2.py,root_script,2095,C9F12BCE16DBB7A4A1ECF7065B566AE5BD43CB527BE946214203548B2BA44883
inspect_universal_queue_loader.py,root_script,1681,61AB43AD7A5F4BECF4C74815AFA4C330E0FBB99A5094CEAD453255C3479A4B3C
inspect_uucd_and_article_body_sources.py,root_script,3194,F5771BCE96EA973730B62892B180D2806203D9279B59D960CD787AA0DB5FC717
install_runtime_foundation_certification.py,root_script,30577,6E32D451A7833AA6BA1006C05C8231BEA3375B05A33CCD7E83434DB5E7F07DD0
install_runtime_schema_audit.py,root_script,37608,941BEBCDB0463FE431A98C2077B6555E9187637E3BFA8469491B9D90873C7D08
install_runtime_schema_certification.py,root_script,68437,41744A60FF5F3FDFDFAF1AF8AF7EEBF23E2280EC6E23BA4FF4AB8E9F7141AE39
install_runtime_schema_change_detection.py,root_script,29566,5CE304B397DE413D71483F9D9507DE075734939CEFB520D384DD4E9441A3E268
install_runtime_schema_compatibility.py,root_script,34243,E8BB7B79A4B3C0ABA10DAD37BEEBEA444DE29C524C8E974EF97668315990A91B
install_runtime_schema_definitions.py,root_script,37972,BE06A0B9951E7DB4D12EEC11794CE4632743A52A427F1AC3F8A93D0F05D04273
install_runtime_schema_deprecation.py,root_script,26064,F83663CEC72E9CFA786F0FDE12F1314D0306B2454015C7CF124CEE56D24DF22F
install_runtime_schema_diff_engine.py,root_script,31517,0A75CC33A23A0376102B5D198DD08C6E4F90EB15541BE43637994CEDAB978123
install_runtime_schema_fingerprint.py,root_script,11943,76851905042C1B030B53552BAD1F25F0D53D9A6CB9D8F7A36FF63714D5D9D8D7
install_runtime_schema_loader.py,root_script,23720,5CFC079DA62CC0754950CCCC36296003985C01ECC4B95F1532A1FF6B56570ED8
install_runtime_schema_migration.py,root_script,33678,1786095126EB409924C06F2119770AF85246A7EF3377EF30421F664066ADFF77
install_runtime_schema_namespaces.py,root_script,20338,F484728723DA91D1C76D9C98CC3EEEE908CCF291153FA10B0394E52052C4A6D6
install_runtime_schema_ownership.py,root_script,31161,D03A1DA87CC234A6C4336840E1FDF3B518BAB0E7348E9760539980E4215F8383
install_runtime_schema_ports.py,root_script,25545,1B66A8FE9EBA53DA8319E4C59F4893435FA2D0137AB74D057E027FD18112D791
install_runtime_schema_registry.py,root_script,79479,C8D8265102C7A0BEAE62405F2B66EA34893571E33858F5280949CDE20B1DD40B
install_runtime_schema_serialization.py,root_script,14897,FD45988A0C51819F38FD1796F85D7A35AD9F3DAF71A790E35A90A5D4E4E86468
install_runtime_schema_transition_validation.py,root_script,30755,EFDC849F0C1C32A7FF683B4EF52AFCD9E94F0881B26CC19DC7EC588DA5EF7125
install_runtime_schema_types.py,root_script,18826,A9200F5DB854DFAF766B27ABE4E5305222406448D3610791B708A4E3A631A165
install_runtime_schema_validation.py,root_script,29227,7951DAD9727D63D66EE3A38C7B2097E2D5288F33B2B02ECEBA23B4EBBF1DEAB6
install_runtime_schema_versioning.py,root_script,15909,851D4E3D6C714F1197EDB4D214C08C41047D9841E729279F564CA72F8F772E66
install_uri_phase_2_1_1_universal_job_contract.py,root_script,25703,127D1574A30AF3CFD60CBBE40557A52557EC316B76D652CEDD18EB76442AFAC9
patch_connect_domain_route_to_orchestration.py,root_script,1935,27C041EB0AAECC4C700938B8F78A82A050E910EF05F1F026BFF0BA89D9DD432D
patch_filter_upload_docs_before_jobs.py,root_script,1134,1334428890133186CDD9FAB4D75518E489A739C7F4EDAB44043DCFBA17C9DE0F
patch_full_pipeline_job_map_45a.py,root_script,5689,C7D5506BCDF690B1DC43DFC3EDE6C6E1730E55723383484EBCF2CD3F351E12A6
patch_full_pipeline_worker_45a.py,root_script,4138,4F9DE72BB54753D70D09A9B2BDE5F3809727AFF67637EA56EBEF5738D86C4A75
patch_runtime_foundation_certification.py,root_script,17788,D87D91CFACB25A53A6C43B75ED43042D15938E7DAAE56FBF6B09EB2FE68490B2
patch_runtime_foundation_installer_final.py,root_script,7505,F0A3E6A39998333CC0661BD70F60D652880CE6AAD3AA26AC04DBF9C21E21DC2F
patch_runtime_schema_snapshots.py,root_script,31116,3D279039644CC73CC5A65B20FD0773687B48B65D5269E3F4E1BE5E9974971558
patch_runtime_schema_types_review.py,root_script,12682,FB2DEEA842CE3FFCFA551CB451F4860F1E5D22C04498B959955BE57DCFD6D873
patch_target_pool_runtime_hardening.py,root_script,3456,314EA52D1C31AC7DF555A446E5FA6F0374A4DF4FE06CF066817C238D124CB47A
patch_udare_index_review_links_phase_4_3d.py,root_script,4464,1C7A8BA0C07CDB24EF94D5924F61A9966DC16895373889E177A4C2F8A5A422C3
patch_udare_phase_4_3b_resume_gate.py,root_script,1031,DBD8CB63BD02DE52CFDCC5F63E6342927FFEA373BCDE0DFCE70BB7D6B8987C7B
patch_udare_runtime_phase_2b.py,root_script,11694,7671F7B0255D2488F67A6E9891240A89B3D2436FD908C166114C17773BA80DDD
patch_udare_store_phase_1_format_fix.py,root_script,14264,B9F3A1EF2B9C87C372C6614B7D4ED175FF6A3E93FC0836BBA03A12279CA18F80
patch_udare_worker_deferred_artifacts.py,root_script,5418,9F73DE263AB635E13EB9BFE7505D6431728799D4401AD53B895326A2A66A73AA
patch_udare_worker_dispatch_phase_3d.py,root_script,7718,225DF0F79389DEE3D14255821204268286BE7260313477BA88DC615DE08E2745
patch_udare_worker_index_exact_phase_4_3c.py,root_script,4052,41A8FC097F9113F455F6C4AC774995AA26CCBE9E7832BDB8F18DEAA1C8B9365F
patch_udare_worker_index_phase_4_3c.py,root_script,2189,14EFD1BD8CF36C400C56DBE8B3872D7257ED8DFA237F020CCD2BFACBBD116073
patch_udare_worker_reviews_phase_4_3d.py,root_script,3372,B48A7E3BADD157EFD06C64C4B791508E95161F9DF913E292D76BA8DC272DC1E9
patch_uduc_to_uucd_worker.py,root_script,2120,EE538B77370114CD9D36727FB01F4235DDF2A9B15CA1B5F38916CD5A74733C4A
patch_universal_job_envelope_phase_2c.py,root_script,7426,DCF6136A061C5FE7C5483322F3CBDA5D5665BC2477CB7C6036C46EF0621A2647
patch_universal_runtime_registration.py,root_script,35104,F50705301CF3C51F7DEBB13D824E6488C3B135F4B0B6F7BAAD9A43437FE62822
patch_upload_route_to_orchestration.py,root_script,1401,A7F8039957696002970D86B795E49AD5B16D9D6D6F61608A9C0DA7FB3D3F820D
patch_uri_phase_2_1_1_universal_job_contract.py,root_script,21394,8D9CFBC371D9027D2D4002786208947004297C73DCD78E2965F3D4E26D1E9BBD
patch_website_article_integrity_automatic_pipeline.py,root_script,43726,E3B0BDBA7760F0A39FE28E713E23EFC76B1AD373C929BC8CDB210ACAB1841837
patch_worker_live_upload_uduc.py,root_script,3865,FC3B2A1DFA4895A6B17DE981C38BECFF66CA1858DFC91D13C25E9E94E95DD2C5
reconcile_udare_queue_with_completed_store.py,root_script,11670,D6614AD9B09B5212C317487B0AE3664121F8374073614E57B5B8A16CA0364304
recover_five_original_udare_jobs.py,root_script,8819,A7E8472BAEA17666F152567D4D6C683BE464FEB49047DBB62CF59D74CDD8D12A
recover_missing_udare_jobs.py,root_script,2382,752C95E2AECBA9A6DE3AB8462561119938981708268E7FEC91A52B39CD07326C
register_website_article_integrity_runtime.py,root_script,2959,B56BBFA49BA6A123AC1C3EE026A2BDF01228D9E5F24935945555C4DB45145860
remove_final_legacy_uucd_dependencies_v1.py,root_script,27154,28D25B36D1BE68BA4F076782F18AFE9161124FFC827A0A0A782FE7801F5E7C21
repair_all_active_udare_jobs_to_v1_8.py,root_script,11906,5B9CAC156EF606C34539C21BCA0BBD5061FE8ABC40946F79E9857AB9A91774ED
repair_runtime_foundation_network_boundary.py,root_script,8396,F14B2BF286B60E96468F70AC11C64DF75473DC51D1A508FF4515448B7BFF806E
repair_runtime_foundation_scan_filenames.py,root_script,2977,8B7DC06992BA87EDAB8348B2D86701BB21D2FF1B109A6FA3077DC3DB9E368F68
repair_three_missing_udare_records.py,root_script,7969,7FE58FAEE18ED75571840CCBACF9DE5A7770DA73491B8A8C21ED7931FA05050A
repair_udare_builder_sha256_phase_3c.py,root_script,893,E26735404770E39736C95D9160100B56309114D1BF60D67A2CBFBA6E8A99EF41
repair_udare_inline_link_phase_3c.py,root_script,5442,8E3DC72A79E87867A11541E8C9001BEA5ED372FBB522EABFE38BEEA064058F71
repair_udare_store_line_76.py,root_script,725,F28BB00AA5FC8BA03BECDEB46B87E1EAA05972C2CA5AA51AFB4770CAB41ED9EF
restore_active_udare_queue_2225.py,root_script,6915,393C3522E455B43CBCEA364F478818006B67C6E36B146E498D887C72574C364B
retire_legacy_uucd_implementation_v1.py,root_script,14838,87CC5649B17D02DA3A0B3C476AE9696DC654B02D8127A50206D9EDB91808FC77
retire_remaining_legacy_uucd_workers_v1.py,root_script,13777,217335C6897ED945F86B9EC108341668DF2E2044DC71ABA3073860225AD6B9C3
run_article_validation_population_v3.py,root_script,16908,6EDE2D27BEFC513A0968F1F60FCD0CB77D4E28D57E6FA79426EF983BCA3EE882
run_udare_controlled_fifty_jobs.py,root_script,6423,26AF1CB7E890245CD948A3CBE3F49E1B80153D2401CFEE24DEB7A2B645FB1AB9
run_udare_controlled_ten_jobs.py,root_script,4952,C2DA9554C16D2284A41EDFD618FC8F69351ED4491F272A0CA66DABB647984143
run_udare_controlled_two_jobs.py,root_script,6423,C7FCE1BCAAB400B9C39619A833CA16EF72C5EF125BED68C030CB6D4867B03909
run_udare_phase_4_3a_first_5.py,root_script,9063,C9F4156D1C5B195A2F7F89627B03B7F3339667264E7B3737658B46B3B6629EB7
run_udare_phase_4_3b_full_population.py,root_script,18567,958E98ABD455250C118BD7602E0FA15B9E4E71DC29947513410565B4159989CA
scan_article_validation_canonical_components.py,root_script,28480,BE486541565DBE918905462D0D9E637CFD0CEE2D9F1F653882E020543582D334
scan_article_validation_certified_ledger_contract.py,root_script,21889,18F7D1BD48DFF26CCB1F55926D021C43FABE4462BF83CC6BD2755FDC4B1C535D
scan_article_validation_deep_alignment.py,root_script,41051,D69EA08E5EB66C1D7E1157F22AE9E4111C4813BB533929AE44E455DC49429A98
scan_article_validation_failure_legitimacy_v3.py,root_script,19254,6B64192C46EEAA5C88B54BB6D5AEBC3A23A20B0705587769F3A3AD55612C3D80
scan_article_validation_failures_v3.py,root_script,12922,D5E09D0A5F3B8E1F226C21F8F9AEE952138A57EC5BB1716C0C49E710DAD85980
scan_article_validation_runtime_registration.py,root_script,22833,4D05777A34F80750229E0B404D3C69467073E6B5708ED898B043E44556A76286
scan_article_validation_runtime_registration_targeted.py,root_script,25441,D17653F31B95107610F431399C9C4345741241D64E8FD64CB746D2D796FB167F
scan_article_validation_stage.py,root_script,32915,CF3B0B3EE26477B40B6A0911E7B1C429A3335EAFAC218B8F70D201DCD713D3EE
scan_article_validation_three_failure_structure_v3.py,root_script,22705,46485C25CC818CF04365FE590FD3B15F61AC9BB1CC9DA184D31761325BD9511B
scan_article_validation_udare_input_contract.py,root_script,9963,5A2B70AA1B43D252907E4D0864C8A76F4CBFF0B0A9E32ADBF9A67973A8665164
scan_body_store_queue_exact_v1.py,root_script,5674,CCA8FAB908BD8EC2A84E7291705AE62593E309FB370E47B1A088CE75C683F1CE
scan_body_store_runtime_exact_v2.py,root_script,7384,1F7EF3A96F380A29C28960438029A2E302615434FE00CE6FA28665970177CD8F
scan_body_store_runtime_existing_v1.py,root_script,4350,1CB474C8E8D995C66CB5B3B8A0727ACA8584E25FA4CA9A6F3633A02A3A84A975
scan_body_store_workers_exact_v1.py,root_script,9102,0525E5A4B2A1499B7EC7BEF1D9BA98ABD7872D8EA39EAF884349B2D5CD16CBF7
scan_body_store_writer_against_fresh_uucd_v1.py,root_script,14066,219CA257912535F4EA9C5D4D57DC5349B963C08E2611241ABE4E7A99A26F8B11
scan_existing_uucd_architecture.py,root_script,23952,2DC15F094EB5A255004B1A93B200FFD020EB36DB4A5984D7A0F822811E6DFCB7
scan_udare_phase_3_queue_worker.py,root_script,29258,5366D30495BBE0DD1F1D30EDA37AD12DDF414A310DF0E8C4A9779ED4B048D6A9
scan_udare_runtime_phase_2.py,root_script,24005,EDDFD738CBDCC848D2FA5D053425FF1A0D135B3C15A9FC951E4CDEC7B70D9169
scan_udare_runtime_phase_2_active_sources.py,root_script,10896,D160A76A9DAA57D90D985F60B25EF8C40B10E2CB62267E92B12DC25A11A0D142
scan_universal_runtime_registration.py,root_script,25705,5F76A565743F25545DAD9AAD1F001EC595FFBC562614DA871850F02F140C6C55
scan_uploaded_uucd_authoritative_source_identity.py,root_script,30991,BE68FE9811BD13855837092AE66F97C36FD24F280A25A818B3CFE8876CC83F00
scan_uri_phase_1_1_15_runtime_foundation.py,root_script,10716,4B081EC3E1BCCAA260CC4A2BFBB36D72A7BF9443139A268FFCD903EF09E5C421
scan_uri_phase_2_1_1_targeted_job_contract.py,root_script,21901,28A7181B06F8FA17917B5924475B8E5D1BB9D85D4ADC6B10699F7ACC810D4F24
scan_uri_phase_2_1_1_universal_job_contract.py,root_script,4237,D6549646114DD05C849445AC19B867EF82CD01026F4F6A2A467AF98B272EDFB6
scan_uri_phase_2_1_universal_job_model.py,root_script,25574,9DFD9126A9280C815B4BAA3F1BBC927788276338C279CDB1E8F42D636C79CE48
scan_uucd_alignment_v1.py,root_script,5719,6004AB1B99EDD641C55BFC51A2538E9421320F88342FA209621005820B0AC271
scan_uucd_convergence_against_frozen_wuc_v1.py,root_script,20048,AF096BC74D6CFB35C49095C518FBE32B5CDB38F328F7828EC6579F9D0CC3EF32
scan_uucd_rebuild_source_coverage.py,root_script,23345,8BE9D41BCAD4CB1C2BD2E44CC322B5B4276B764A7E0B3B8802FAADE03C766A73
scan_website_article_integrity_phase_4_4.py,root_script,42215,96B1EC191C78DBD99967D78309FA9E274611FC1DA1214B915065C8C3D7C65754
verify_article_validation_certified_input.py,root_script,11479,0B09D18C60B4C185B727B34690527EF1C2C4B7961E4A550EC55BEDF706B4A30E
verify_article_validation_engine_v3.py,root_script,20539,C33F9D8CD259373E424183C91FA50A3E77BB9225933316F64004A71AA7800228
verify_article_validation_runner_v3.py,root_script,13473,258F22AFDA0356EF9BD6A0B4BEF8A79341E417C4D3C687607C09A2F2AC0C1DC5
verify_article_validation_runtime_registration.py,root_script,13018,EFDDB9065FF21F8363091267BD767B68D12EC7CA48AB31CB6803CEA9D0CDBEBE
verify_body_store_runtime_core_v1.py,root_script,15027,2536F645EE7F3BAC5CE583BAD7794E68D4BE9E7E86EE56834042831D0F774EE8
verify_body_store_runtime_phase_5_2.py,root_script,22817,0FE4579A696EAD332F8B8EA31F259FDF956220A46C124A9267E6928F7B0E47D0
verify_body_store_worker_core_v1.py,root_script,18000,CB4121D1E84CD0C7E659C89D60F6EA22DAF4AC9D014EE8DD89ADCB327A54ADC1
verify_fresh_uucd_engine_v1.py,root_script,14337,B4ED9A0D4D5CCBDD2C1BFEF0F6932446CA99C70BE2E09E8DE919DF9050ACD5BF
verify_fresh_uucd_option3_envelope_v1.py,root_script,10846,E341DF31B222DD9E140BC75DB9391316F5FB3536084A3DFD22E3E14078B9B726
verify_full_pipeline_job_map_45a.py,root_script,4586,811F7C31692C73B8036231556D98DAF6C54F69F4C86B024333793B6F0AE05D0C
verify_live_route_orchestration_wiring.py,root_script,1312,F21032EBD3638D1B8FF23E6F7B7FFB3562F82C64D2D471730DA0CAA6B4C0E9BB
verify_phase3e_minimal_queue_runner.py,root_script,6059,E336C538B9672E59CC6F038CB018758F5B6558988C98600C5DBDA8E68CAD569D
verify_phase_4_5_9_uucd_store_migration.py,root_script,2706,98F41B5DF21829265BC0DFD52A1BE2A687B571EB98EFEDD21E77452D24E82687
verify_runtime_infrastructure_45b.py,root_script,3084,D444C21343B00AD1492B15616B2193DBAB1988D2EBBECE30D5095B5E854CB328
verify_udare_article_document_builder_phase_3c.py,root_script,7659,97372454B07FACE33668C3595661E62F8BA0D59C0E5545B1DCC4A9CBF4AE078D
verify_udare_clickable_link_repair_phase_3c.py,root_script,3468,868383C62323675AC4294419576C1D2442302F23920A09D753A9CF43B06F3D75
verify_udare_phase_2_no_queue_append.py,root_script,1906,82294FAEE46ABBE017A3C601B7172E3F3F6C361BB84F55F9824383E2C85AB7F5
verify_udare_review_documents_phase_4_3d.py,root_script,5415,733F03D11FF2981BB69FF82E15FA8CD34CCD33BB24F4FC09E570A78B224A83E2
verify_udare_runtime_phase_2.py,root_script,25576,9FD87F337227B20DD7E8774B55CFA881D9B90B25981AA9B1C20ADCFBEB52794E
verify_udare_store_index_phase_4_3c.py,root_script,4058,B94B3B20B2B3E3FD9B6E3FFC1B8AECBCE51B9ADB330C935D5EC3EDD10252B6DF
verify_udare_store_phase_1.py,root_script,23676,5552EFF746BC68671545B4B997E5895FD512D196B11C3D33560F4A7CF8DF4284
verify_udare_worker_dispatch_phase_3d.py,root_script,14501,3337D6462C2938F3452D186501DA421A78B374A72B6C53F6472772FAA83AF009
verify_universal_job_envelope_phase_2c.py,root_script,14145,9C516A8E23F3CB5EF43835D77054B92231FCE497C14914B8DEC4351D0AB11020
verify_universal_runtime_registration.py,root_script,21551,29E87A3F21606FC000232A2984AD8351442F6EE989BBC63F923DB429B0D7123E
verify_uri_phase_1_runtime_foundation_scan.py,root_script,32218,77537C7DB9429F7324045D831970F26C98998927957ED23238EA586FCFF9BE0E
verify_uucd_body_store_certification.py,root_script,4315,9C958AEBCF95735B11406604BF4BDE7F5550ED3501ECF79D0D0CC76B3B81E154
verify_uucd_convergence_6e.py,root_script,3860,BE86F6A393A75D768C2FB1EE36C0D6AC174DE84CAC596D85C6932BC26FB47B7C
verify_website_article_integrity_4_4_1.py,root_script,6795,97F54AA3F184CB6B2B095C542C11DC096CE9DCA373E30F571B36B0523B02F829
verify_website_article_integrity_4_4_2.py,root_script,8932,5E6332B919D0509D90861818655F5611BB11DD6CD731DBFEAE4ECB5ED6AC794C
verify_website_article_integrity_4_4_3.py,root_script,11117,94BCD697FC4C321CFB9462B5DAA1946C6B323F80BBEB39B6AA0CCCC8E4439569
verify_website_article_integrity_4_4_4.py,root_script,11250,EC00BDE9AB64D6D26A3E6E6EF284A80DD4A2F812635245119809933440BD9829
verify_website_article_integrity_4_4_5.py,root_script,15802,660667EC8A6B6EE3C1266550A3E317DB6FBA45303706EA12D93809AD32DC7155
verify_website_article_integrity_4_4_6.py,root_script,17000,5E4C2074E5551C94CF8D99492475C4AF4F4CBD301281F42A1EC02A64A4A5C3A7
verify_website_article_integrity_automatic_pipeline.py,root_script,20334,9CA1D05F567D1A9F5B74E1076723378584303CA7AD0F20A1B020B32D23475B4E
verify_website_article_integrity_runtime_registration.py,root_script,21404,87E3655D7D1449C92165A8E4BF81F9825E9EEECF06F3E1AB6F6DFFF18743AFDB
